<?xml version="1.0" encoding="UTF-8"?>

<beans xmlns="http://www.springframework.org/schema/beans"
       xmlns:xsi="http://www.w3.org/2001/XMLSchema-instance"
       xmlns:context="http://www.springframework.org/schema/context"
       xmlns:aop="http://www.springframework.org/schema/aop"
       xsi:schemaLocation="http://www.springframework.org/schema/beans 
           http://www.springframework.org/schema/beans/spring-beans-3.0.xsd
           http://www.springframework.org/schema/context
           http://www.springframework.org/schema/context/spring-context-3.0.xsd">
           
	<context:annotation-config />
	
	<context:component-scan base-package="org.migue.javabrains" />
	
	
	<!-- this is a sample of an inefficient "out of the box" datasource provided by Spring...
	<bean id="datasource" class="org.springframework.jdbc.datasource.DriverManagerDataSource" >
		<property name="driverClassName" value="org.apache.derby.jdbc.ClientDriver" />
		<property name="url" value="jdbc:derby://localhost:1527/db" />
	</bean> -->
    
    <!-- this is an example of a datasource bean implemented by the DBCP library that supports pooling...-->
    <bean id="datasource" class="org.apache.commons.dbcp.BasicDataSource" >
		<property name="driverClassName" value="org.apache.derby.jdbc.ClientDriver" />
		<property name="url" value="jdbc:derby://localhost:1527/db" />
		<property name="initialSize" value="2"/>
		<property name="maxActive" value="5"/>
		<property name="defaultAutoCommit" value="true" />
	</bean>
	
	<bean id="simpleJdbcDaoImpl" class="org.migue.javabrains.dao.SimpleJdbcDaoImpl">
		<property name="dataSource" ref="datasource" />
	</bean>
	
	<!-- for integration of Spring and Hibernate...  -->
	<bean id="sessionFactory" class="org.springframework.orm.hibernate3.annotation.AnnotationSessionFactoryBean">
		<property name="dataSource" ref="datasource" />
		<property name="packagesToScan" value="org.migue.javabrains.model" />
		<property name="hibernateProperties">
			<props>
				<prop key="dialect">org.hibernate.dialect.DerbyDialect</prop>
			</props>
		</property>
	</bean>
</beans>